[
{"Rank": "\n1\n", "University": "\nHarvard University\n"},
{"Rank": "\n2\n", "University": "\nStanford University\n"},
{"Rank": "\n3\n", "University": "\nMassachusetts Institute of Technology (MIT)\n"},
{"Rank": "\n4\n", "University": "\nUniversity of Cambridge\n"},
{"Rank": "\n5\n", "University": "\nUniversity of California, Berkeley\n"},
{"Rank": "\n6\n", "University": "\nPrinceton University\n"},
{"Rank": "\n7\n", "University": "\nUniversity of Oxford\n"},
{"Rank": "\n8\n", "University": "\nColumbia University\n"},
{"Rank": "\n9\n", "University": "\nCalifornia Institute of Technology\n"},
{"Rank": "\n10\n", "University": "\nUniversity of Chicago\n"},
{"Rank": "\n11\n", "University": "\nYale University\n"},
{"Rank": "\n12\n", "University": "\nCornell University\n"},
{"Rank": "\n13\n", "University": "\nUniversity of California, Los Angeles\n"},
{"Rank": "\n14\n", "University": "\nUniversity of Pennsylvania\n"},
{"Rank": "\n15\n", "University": "\nParis-Saclay University\n"},
{"Rank": "\n16\n", "University": "\nJohns Hopkins University\n"},
{"Rank": "\n17\n", "University": "\nUniversity College London\n"},
{"Rank": "\n18\n", "University": "\nUniversity of Washington\n"},
{"Rank": "\n19\n", "University": "\nUniversity of California, San Diego\n"},
{"Rank": "\n20\n", "University": "\nETH Zurich\n"},
{"Rank": "\n21\n", "University": "\nUniversity of California, San Francisco\n"},
{"Rank": "\n22\n", "University": "\nTsinghua University\n"},
{"Rank": "\n23\n", "University": "\nImperial College London\n"},
{"Rank": "\n24\n", "University": "\nUniversity of Toronto\n"},
{"Rank": "\n25\n", "University": "\nWashington University in St. Louis\n"},
{"Rank": "\n26\n", "University": "\nUniversity of Michigan-Ann Arbor\n"},
{"Rank": "\n27\n", "University": "\nThe University of Tokyo\n"},
{"Rank": "\n28\n", "University": "\nNew York University\n"},
{"Rank": "\n29\n", "University": "\nPeking University\n"},
{"Rank": "\n30\n", "University": "\nNorthwestern University\n"}
]